{"cameraMode":{"drawMode":0,"name":"Shaded","section":"Shading Mode"},"sceneLighting":true,"audioPlay":false,"sceneViewState":{"showFog":true,"showMaterialUpdate":false,"showSkybox":true,"showFlares":true,"showImageEffects":true,"showParticleSystems":true},"in2DMode":false,"pivot":{"x":53.67768096923828,"y":-103.04641723632813,"z":-92.23741149902344},"rotation":{"x":0.07440554350614548,"y":0.9247740507125855,"z":-0.283343642950058,"w":0.24284401535987855},"size":894.3663940429688,"orthographic":false}