{"cameraMode":{"drawMode":0,"name":"Shaded","section":"Shading Mode"},"sceneLighting":false,"audioPlay":false,"sceneViewState":{"showFog":true,"showMaterialUpdate":false,"showSkybox":true,"showFlares":true,"showImageEffects":true,"showParticleSystems":true},"in2DMode":false,"pivot":{"x":-2.601161003112793,"y":1.2548584938049317,"z":0.10711085796356201},"rotation":{"x":0.21834222972393037,"y":0.5661056637763977,"z":-0.15869396924972535,"w":0.7788885235786438},"size":7.5918869972229,"orthographic":false}